{
  "model_name": "xgboost_regressor",
  "target_column": "target_log_return_1",
  "train_window": 1080,
  "test_window": 360,
  "windows_evaluated": 3,
  "scores": {
    "rmse": 0.004371007132960729,
    "mae": 0.003023338637600811,
    "fit_rmse": 0.0033072395235640684,
    "fit_mae": 0.0024124117777317767
  },
  "baseline_scores": {
    "persistence_price": {
      "rmse": 380.448125159943,
      "mae": 257.37798148148136
    },
    "zero_return": {
      "rmse": 0.003513260412830717,
      "mae": 0.0023728480848094736
    },
    "momentum_return": {
      "rmse": 0.0049783916736733875,
      "mae": 0.0034197031368351266
    },
    "mean_reversion_return": {
      "rmse": 0.00495184990878512,
      "mae": 0.0034144721804839407
    },
    "momentum_direction": {
      "directional_accuracy": 0.5,
      "precision": 0.11746877333496175,
      "recall": 0.548071852340145,
      "f1": 0.19344802180305684,
      "positive_rate": 0.5111111111111111,
      "roc_auc": 0.5209075697705914
    },
    "mean_reversion_direction": {
      "directional_accuracy": 0.5009259259259259,
      "precision": 0.09895252642098414,
      "recall": 0.44359481432652165,
      "f1": 0.16169474128592107,
      "positive_rate": 0.48611111111111116,
      "roc_auc": 0.4759642254744823
    }
  },
  "prediction_path": "/home/ixn/Documents/code/crypto/bitcoin-price-analysis/artifacts/comparison_xgboost_regressor_predictions.csv",
  "generated_at": "2026-03-13T13:50:02.082853+00:00"
}