{
  "model_name": "xgboost_direction",
  "target_column": "target_direction_cost_adj",
  "train_window": 1080,
  "test_window": 360,
  "windows_evaluated": 3,
  "scores": {
    "directional_accuracy": 0.5361111111111111,
    "precision": 0.38172134398549495,
    "recall": 0.49850370859954474,
    "f1": 0.25486751573708094,
    "positive_rate": 0.4685185185185185,
    "roc_auc": 0.5538581903783676,
    "fit_accuracy": 0.8777777777777778,
    "fit_positive_rate": 0.1537037037037037
  },
  "baseline_scores": {
    "persistence_price": {
      "rmse": 458.7684747806939,
      "mae": 328.8561944444445
    },
    "zero_return": {
      "rmse": 0.006573385010997079,
      "mae": 0.004675481661956678
    },
    "momentum_return": {
      "rmse": 0.009206401209971878,
      "mae": 0.006719647040285013
    },
    "mean_reversion_return": {
      "rmse": 0.009372799694703267,
      "mae": 0.006540256475455032
    },
    "momentum_direction": {
      "directional_accuracy": 0.5074074074074074,
      "precision": 0.23676454966234162,
      "recall": 0.49921513549239926,
      "f1": 0.31797012536312147,
      "positive_rate": 0.487962962962963,
      "roc_auc": 0.5064982725498853
    },
    "mean_reversion_direction": {
      "directional_accuracy": 0.49259259259259264,
      "precision": 0.22795022603015314,
      "recall": 0.4909809429389733,
      "f1": 0.31098195961417846,
      "positive_rate": 0.5083333333333333,
      "roc_auc": 0.4898460859471756
    }
  },
  "prediction_path": "/home/ixn/Documents/code/crypto/bitcoin-price-analysis/artifacts/comparison_xgboost_direction_predictions.csv",
  "generated_at": "2026-03-14T11:43:54.611333+00:00"
}