{
  "model_name": "arima_regressor",
  "target_column": "target_log_return_1",
  "train_window": 720,
  "test_window": 360,
  "windows_evaluated": 3,
  "scores": {
    "rmse": 0.00662304846515431,
    "mae": 0.0047669375568626104,
    "fit_rmse": 0.0055915995329492525,
    "fit_mae": 0.003803780648945028,
    "fit_aic": -5459.645345378623
  },
  "baseline_scores": {
    "persistence_price": {
      "rmse": 458.7684747806939,
      "mae": 328.8561944444445
    },
    "zero_return": {
      "rmse": 0.006573385010997079,
      "mae": 0.004675481661956678
    },
    "momentum_return": {
      "rmse": 0.009206401209971878,
      "mae": 0.006719647040285013
    },
    "mean_reversion_return": {
      "rmse": 0.009372799694703267,
      "mae": 0.006540256475455032
    },
    "momentum_direction": {
      "directional_accuracy": 0.5074074074074074,
      "precision": 0.23676454966234162,
      "recall": 0.49921513549239926,
      "f1": 0.31797012536312147,
      "positive_rate": 0.487962962962963,
      "roc_auc": 0.5064982725498853
    },
    "mean_reversion_direction": {
      "directional_accuracy": 0.49259259259259264,
      "precision": 0.22795022603015314,
      "recall": 0.4909809429389733,
      "f1": 0.31098195961417846,
      "positive_rate": 0.5083333333333333,
      "roc_auc": 0.4898460859471756
    }
  },
  "prediction_path": "/home/ixn/Documents/code/crypto/bitcoin-price-analysis/artifacts/comparison_arima_regressor_predictions.csv",
  "generated_at": "2026-03-14T11:43:51.573228+00:00"
}