{
  "model_name": "arima_regressor",
  "target_column": "target_log_return_1",
  "train_window": 720,
  "test_window": 360,
  "windows_evaluated": 3,
  "scores": {
    "rmse": 0.00353968973515399,
    "mae": 0.002399391216930551,
    "fit_rmse": 0.0037713523748925137,
    "fit_mae": 0.0026201175186758648,
    "fit_aic": -5980.8529113345185
  },
  "baseline_scores": {
    "persistence_price": {
      "rmse": 380.448125159943,
      "mae": 257.37798148148136
    },
    "zero_return": {
      "rmse": 0.003513260412830717,
      "mae": 0.0023728480848094736
    },
    "momentum_return": {
      "rmse": 0.0049783916736733875,
      "mae": 0.0034197031368351266
    },
    "mean_reversion_return": {
      "rmse": 0.00495184990878512,
      "mae": 0.0034144721804839407
    },
    "momentum_direction": {
      "directional_accuracy": 0.5,
      "precision": 0.11746877333496175,
      "recall": 0.548071852340145,
      "f1": 0.19344802180305684,
      "positive_rate": 0.5111111111111111,
      "roc_auc": 0.5209075697705914
    },
    "mean_reversion_direction": {
      "directional_accuracy": 0.5009259259259259,
      "precision": 0.09895252642098414,
      "recall": 0.44359481432652165,
      "f1": 0.16169474128592107,
      "positive_rate": 0.48611111111111116,
      "roc_auc": 0.4759642254744823
    }
  },
  "prediction_path": "/home/ixn/Documents/code/crypto/bitcoin-price-analysis/artifacts/comparison_arima_regressor_predictions.csv",
  "generated_at": "2026-03-13T13:50:00.771974+00:00"
}