{
  "model_name": "xgboost_direction",
  "target_column": "target_direction_cost_adj_24h",
  "train_window": 4320,
  "test_window": 720,
  "windows_evaluated": 6,
  "scores": {
    "directional_accuracy": 0.4925925925925925,
    "precision": 0.3838762821649446,
    "recall": 0.5953614061868268,
    "f1": 0.45596762163548576,
    "positive_rate": 0.5780092592592593,
    "roc_auc": 0.5072705733432251,
    "fit_accuracy": 0.7741898148148149,
    "fit_positive_rate": 0.4125771604938271
  },
  "baseline_scores": {
    "persistence_price": {
      "rmse": 440.8426661162518,
      "mae": 298.6424375000002
    },
    "zero_return": {
      "rmse": 0.00492687928620755,
      "mae": 0.0033051540819231773
    },
    "momentum_return": {
      "rmse": 0.006896586002800096,
      "mae": 0.0047593723122073385
    },
    "mean_reversion_return": {
      "rmse": 0.007026266490893356,
      "mae": 0.004694573131534263
    },
    "momentum_direction": {
      "directional_accuracy": 0.4976851851851851,
      "precision": 0.1570076289923025,
      "recall": 0.5018161083859085,
      "f1": 0.23481672342604112,
      "positive_rate": 0.5018518518518519,
      "roc_auc": 0.49993811375136704
    },
    "mean_reversion_direction": {
      "directional_accuracy": 0.5041666666666668,
      "precision": 0.15753705618176214,
      "recall": 0.4959876878063781,
      "f1": 0.23588718534834763,
      "positive_rate": 0.4953703703703704,
      "roc_auc": 0.5003485093660951
    }
  },
  "prediction_path": "/home/ixn/Documents/code/crypto/bitcoin-price-analysis/artifacts/horizon_24h_predictions.csv",
  "generated_at": "2026-03-15T13:17:00.263537+00:00"
}