{
  "model_name": "xgboost_direction",
  "target_column": "target_direction_cost_adj",
  "train_window": 4320,
  "test_window": 720,
  "windows_evaluated": 6,
  "scores": {
    "directional_accuracy": 0.6828703703703703,
    "precision": 0.20912263431409994,
    "recall": 0.3995562180222841,
    "f1": 0.2519341516871742,
    "positive_rate": 0.3034722222222222,
    "roc_auc": 0.6304159380833761,
    "fit_accuracy": 0.8854166666666666,
    "fit_positive_rate": 0.12357253086419755
  },
  "baseline_scores": {
    "persistence_price": {
      "rmse": 440.7691498392697,
      "mae": 298.60574768518535
    },
    "zero_return": {
      "rmse": 0.004926656086831867,
      "mae": 0.0033053500269214805
    },
    "momentum_return": {
      "rmse": 0.00689187703959435,
      "mae": 0.0047548733493577985
    },
    "mean_reversion_return": {
      "rmse": 0.007029907266538322,
      "mae": 0.004697515944873868
    },
    "momentum_direction": {
      "directional_accuracy": 0.4976851851851852,
      "precision": 0.1571033067562184,
      "recall": 0.5012612178676782,
      "f1": 0.23480193177259467,
      "positive_rate": 0.5016203703703703,
      "roc_auc": 0.4997346711396992
    },
    "mean_reversion_direction": {
      "directional_accuracy": 0.5037037037037037,
      "precision": 0.15742875493918948,
      "recall": 0.49553255288693077,
      "f1": 0.23567965140775063,
      "positive_rate": 0.4956018518518519,
      "roc_auc": 0.4998973282475537
    }
  },
  "prediction_path": "/home/ixn/Documents/code/crypto/bitcoin-price-analysis/artifacts/liq_exp2_none_predictions.csv",
  "generated_at": "2026-03-20T20:36:37.925713+00:00"
}