{
  "model_name": "xgboost_direction",
  "target_column": "target_direction_cost_adj",
  "train_window": 4320,
  "test_window": 720,
  "windows_evaluated": 6,
  "scores": {
    "directional_accuracy": 0.8293981481481483,
    "precision": 0.21467911877394638,
    "recall": 0.030189813317892136,
    "f1": 0.050395899817051254,
    "positive_rate": 0.020833333333333332,
    "roc_auc": 0.6343767732108522,
    "fit_accuracy": 0.8234567901234567,
    "fit_positive_rate": 0.18900462962962963
  },
  "baseline_scores": {
    "persistence_price": {
      "rmse": 478.2607669742944,
      "mae": 317.8419490740742
    },
    "zero_return": {
      "rmse": 0.005056587712596521,
      "mae": 0.003344943678362277
    },
    "momentum_return": {
      "rmse": 0.007235789501083725,
      "mae": 0.004913596096640702
    },
    "mean_reversion_return": {
      "rmse": 0.007059989649977033,
      "mae": 0.004759023658558948
    },
    "momentum_direction": {
      "directional_accuracy": 0.4891203703703703,
      "precision": 0.15435237988335557,
      "recall": 0.48912260800313256,
      "f1": 0.23126689481259244,
      "positive_rate": 0.5046296296296297,
      "roc_auc": 0.489829704156568
    },
    "mean_reversion_direction": {
      "directional_accuracy": 0.5113425925925926,
      "precision": 0.169055358400053,
      "recall": 0.5080272864374024,
      "f1": 0.2504578588554323,
      "positive_rate": 0.4939814814814814,
      "roc_auc": 0.5092970419039444
    }
  },
  "prediction_path": "/home/ixn/Documents/code/crypto/bitcoin-price-analysis/artifacts/xgboost_direction_predictions.csv",
  "generated_at": "2026-03-13T13:49:42.108896+00:00"
}