{
  "model_name": "xgboost_regressor",
  "target_column": "target_log_return_1",
  "train_window": 2160,
  "test_window": 720,
  "windows_evaluated": 5,
  "scores": {
    "rmse": 0.005965076262420775,
    "mae": 0.004152410034566065,
    "fit_rmse": 0.004974894742634605,
    "fit_mae": 0.003440000715608067
  },
  "baseline_scores": {
    "persistence_price": {
      "rmse": 452.6055159228414,
      "mae": 302.28154722222223
    },
    "zero_return": {
      "rmse": 0.004826972526326301,
      "mae": 0.0032080091291651477
    },
    "momentum_return": {
      "rmse": 0.006860414182611805,
      "mae": 0.0046737010090116046
    },
    "mean_reversion_return": {
      "rmse": 0.006783305392994507,
      "mae": 0.0046098070254592
    },
    "momentum_direction": {
      "directional_accuracy": 0.49333333333333335,
      "precision": 0.15337226809568466,
      "recall": 0.5063182036131249,
      "f1": 0.23216766382216267,
      "positive_rate": 0.506111111111111,
      "roc_auc": 0.4992774577798748
    },
    "mean_reversion_direction": {
      "directional_accuracy": 0.5080555555555555,
      "precision": 0.1583354395707892,
      "recall": 0.49368179638687515,
      "f1": 0.2364864289431797,
      "positive_rate": 0.4925,
      "roc_auc": 0.5015471505032458
    }
  },
  "prediction_path": "/home/ixn/Documents/code/crypto/bitcoin-price-analysis/artifacts/xgboost_regressor_predictions.csv",
  "generated_at": "2026-03-13T11:12:08.400933+00:00"
}